customer_id,customer_name,customer_email_address,customer_mobile_number,account_id,job_title_id
CUS35757,Penny Milby,penny.milby@gmail.com,7197698264,ACC85106,JOB00001
CUS50908,Bay Gumby,bay.gumby@gmail.com,5929902678,ACC37018,JOB00002
CUS19685,Freida Midford,freida.midford@gmail.com,9947709204,ACC21341,JOB00003
CUS27996,Rebecca Ferroni,rebecca.ferroni@gmail.com,3386935856,ACC33506,JOB00004
CUS17442,Bronnie Zimek,bronnie.zimek@gmail.com,6755208215,ACC99098,JOB00005
CUS23589,Gayla Hulme,gayla.hulme@gmail.com,6227649388,ACC59577,JOB00006
CUS33322,Ally Bodleigh,ally.bodleigh@gmail.com,4777892862,ACC25845,JOB00007
CUS55465,Rafaelita Gozard,rafaelita.gozard@gmail.com,8181853099,ACC90584,JOB00008
CUS00154,Scot Basley,scot.basley@gmail.com,8458821677,ACC62831,JOB00009
CUS96768,Kassi Miko,kassi.miko@gmail.com,9506921034,ACC10953,JOB00010
CUS23247,Burlie Phipson,burlie.phipson@gmail.com,9562655263,ACC35180,JOB00011
CUS08763,Sallyanne Giorgietto,sallyanne.giorgietto@gmail.com,1386072623,ACC05058,JOB00012
CUS15981,Heda Antat,heda.antat@gmail.com,9026217590,ACC05667,JOB00013
CUS12672,Lance Phateplace,lance.phateplace@gmail.com,9947226170,ACC41239,JOB00014
CUS15130,Nelli Caplis,nelli.caplis@gmail.com,2517066234,ACC91988,JOB00015
CUS08840,Burtie Woollard,burtie.woollard@gmail.com,6589645894,ACC16796,JOB00016
CUS26176,Ailis Farron,ailis.farron@gmail.com,6702839560,ACC35796,JOB00017
CUS13357,Audy Fanti,audy.fanti@gmail.com,7402321366,ACC70578,JOB00018
CUS26577,Fredericka Hastie,fredericka.hastie@gmail.com,8489975451,ACC49778,JOB00019
CUS79008,Ellwood Guinnane,ellwood.guinnane@gmail.com,5629320306,ACC59319,JOB00020
CUS33463,Garey Verrills,garey.verrills@gmail.com,1018055823,ACC78531,JOB00021
CUS25316,Dona Southam,dona.southam@gmail.com,3671622073,ACC10953,JOB00022
CUS90027,Chelsey Threadgould,chelsey.threadgould@gmail.com,9451056870,ACC64784,JOB00023
CUS65285,Cristy Gottschalk,cristy.gottschalk@gmail.com,7081130501,ACC97287,JOB00024
CUS87714,Morganne Middle,morganne.middle@gmail.com,5505239282,ACC41239,JOB00025
CUS00516,Adria Danels,adria.danels@gmail.com,9278752612,ACC47835,JOB00026
CUS67775,Padriac Mallya,padriac.mallya@gmail.com,1362167417,ACC05667,JOB00027
CUS29918,Hyman Lagden,hyman.lagden@gmail.com,2702282919,ACC47835,JOB00028
CUS63544,Kiah Devey,kiah.devey@gmail.com,1759344156,ACC18517,JOB00029
CUS17596,Clim Burdekin,clim.burdekin@gmail.com,5021225246,ACC59577,JOB00030
CUS54745,Demetri Emblen,demetri.emblen@gmail.com,2108118453,ACC35329,JOB00031
CUS63344,Venita Algie,venita.algie@gmail.com,7522339427,ACC76019,JOB00032
CUS09356,Halli Gaskin,halli.gaskin@gmail.com,9204536929,ACC76019,JOB00033
CUS64569,Francoise Rouby,francoise.rouby@gmail.com,5321596730,ACC52019,JOB00034
CUS05913,Skyler Wolfers,skyler.wolfers@gmail.com,1406426804,ACC31815,JOB00035
CUS64265,Logan Summers,logan.summers@gmail.com,9354598389,ACC49445,JOB00036
CUS12504,Wake Lintot,wake.lintot@gmail.com,1597672174,ACC52639,JOB00037
CUS97228,Renato Adami,renato.adami@gmail.com,1034214721,ACC58657,JOB00038
CUS51544,Petra Etherson,petra.etherson@gmail.com,7808518032,ACC59319,JOB00039
CUS54092,Brenden Fishpoole,brenden.fishpoole@gmail.com,4748959136,ACC05667,JOB00040
CUS75844,Margery Dablin,margery.dablin@gmail.com,6499902276,ACC58657,JOB00041
CUS37785,Vladimir Covolini,vladimir.covolini@gmail.com,8981196995,ACC93619,JOB00042
CUS58916,Jody de Najera,jody.de.najera@gmail.com,1304623738,ACC75876,JOB00043
CUS99364,Jourdan Harnes,jourdan.harnes@gmail.com,9218667306,ACC78225,JOB00044
CUS34669,Kory Ferrieroi,kory.ferrieroi@gmail.com,5788002743,ACC86305,JOB00045
CUS17324,Terrye Zorzini,terrye.zorzini@gmail.com,6198944742,ACC04174,JOB00046
CUS46575,Kaleb Desborough,kaleb.desborough@gmail.com,1512128200,ACC96812,JOB00047
CUS51771,Shelby Goulder,shelby.goulder@gmail.com,5768295078,ACC33565,JOB00048
CUS82487,Domingo Lavers,domingo.lavers@gmail.com,4344017261,ACC93619,JOB00049
CUS10424,Bo Pollak,bo.pollak@gmail.com,5955180166,ACC57521,JOB00050
CUS26746,Blinny Karleman,blinny.karleman@gmail.com,3167538892,ACC85106,JOB00051
CUS96960,Henriette Keyzor,henriette.keyzor@gmail.com,3168331112,ACC32077,JOB00052
CUS08983,Monah Woollaston,monah.woollaston@gmail.com,8336501050,ACC44225,JOB00053
CUS16556,Gizela Lasham,gizela.lasham@gmail.com,8487711048,ACC40496,JOB00054
CUS50668,Georgiana Riep,georgiana.riep@gmail.com,2408488588,ACC14580,JOB00055
CUS43122,Barby Arno,barby.arno@gmail.com,6601282682,ACC52639,JOB00056
CUS72030,Paquito Philippet,paquito.philippet@gmail.com,3746864313,ACC41695,JOB00057
CUS28901,Shaylah Groven,shaylah.groven@gmail.com,4117507862,ACC18517,JOB00058
CUS10645,Emalee Eagleton,emalee.eagleton@gmail.com,4141272562,ACC69089,JOB00059
CUS50723,Iggy Bebb,iggy.bebb@gmail.com,7726431582,ACC78531,JOB00060
CUS98934,My Zealey,my.zealey@gmail.com,3147231288,ACC38636,JOB00061
CUS18172,Philbert Dibdall,philbert.dibdall@gmail.com,7373566110,ACC33363,JOB00062
CUS44839,Walther Etock,walther.etock@gmail.com,4791997662,ACC88502,JOB00063
CUS53558,Logan Mufford,logan.mufford@gmail.com,4059196285,ACC68781,JOB00064
CUS54838,Elyse Tames,elyse.tames@gmail.com,2818508832,ACC81946,JOB00065
CUS03946,Emogene Lush,emogene.lush@gmail.com,5432869086,ACC86083,JOB00066
CUS57547,Evania Itzkovwitch,evania.itzkovwitch@gmail.com,7021263712,ACC74123,JOB00067
CUS02761,Alvinia Brydson,alvinia.brydson@gmail.com,3939022263,ACC05058,JOB00068
CUS91582,Sharl Leedal,sharl.leedal@gmail.com,6312299302,ACC80858,JOB00069
CUS14137,Darrelle Valler,darrelle.valler@gmail.com,7533400923,ACC70719,JOB00070
CUS06230,Lawrence Kinmond,lawrence.kinmond@gmail.com,1832594573,ACC73527,JOB00071
CUS38089,Betty McDermid,betty.mcdermid@gmail.com,1439226663,ACC69321,JOB00072
CUS94493,Loren Leinthall,loren.leinthall@gmail.com,9569348062,ACC86855,JOB00073
CUS17408,Madonna Boucher,madonna.boucher@gmail.com,2208721110,ACC40067,JOB00074
CUS98139,Irvine Abate,irvine.abate@gmail.com,5113792725,ACC66674,JOB00075
CUS32525,Rozelle Dudlestone,rozelle.dudlestone@gmail.com,8462315121,ACC73380,JOB00076
CUS03149,Cordy Martinat,cordy.martinat@gmail.com,8796004207,ACC12501,JOB00077
CUS78120,Saunderson Conman,saunderson.conman@gmail.com,8892929393,ACC70578,JOB00078
CUS36932,Toma Lindstedt,toma.lindstedt@gmail.com,2457582749,ACC99098,JOB00079
CUS68550,Eddie Rockcliffe,eddie.rockcliffe@gmail.com,6228650966,ACC82649,JOB00080
CUS37465,Conan Heyns,conan.heyns@gmail.com,1265622594,ACC86305,JOB00081
CUS94293,Kit Wyness,kit.wyness@gmail.com,7439047551,ACC10953,JOB00082
CUS63040,Quint Waggatt,quint.waggatt@gmail.com,6884486224,ACC63297,JOB00083
CUS32503,Karil Kenington,karil.kenington@gmail.com,5501235866,ACC78225,JOB00084
CUS35757,Ev Mushet,ev.mushet@gmail.com,1015593015,ACC47958,JOB00085
CUS81235,Nico Geratasch,nico.geratasch@gmail.com,3722743360,ACC66795,JOB00086
CUS30237,Augustina Lantry,augustina.lantry@gmail.com,1444657206,ACC64625,JOB00087
CUS82115,Culley Alabaster,culley.alabaster@gmail.com,5349845548,ACC47835,JOB00088
CUS05622,Arlette Teggin,arlette.teggin@gmail.com,3378170465,ACC03250,JOB00089
CUS40816,Nollie Standon,nollie.standon@gmail.com,2016989433,ACC50655,JOB00090
CUS70431,Grantley Hefford,grantley.hefford@gmail.com,9799861362,ACC41646,JOB00091
CUS86687,Leopold Wallentin,leopold.wallentin@gmail.com,2509340593,ACC20110,JOB00092
CUS60208,Twila Brugden,twila.brugden@gmail.com,1804177863,ACC35866,JOB00093
CUS44635,Kale Sinnock,kale.sinnock@gmail.com,1661507370,ACC69565,JOB00094
CUS89374,Hewe Kinvig,hewe.kinvig@gmail.com,4118006430,ACC69089,JOB00095
CUS62082,Nikolas Ferryman,nikolas.ferryman@gmail.com,9597222797,ACC64784,JOB00096
CUS93832,Rollin Sabater,rollin.sabater@gmail.com,8306832765,ACC64625,JOB00097
CUS32126,Phineas Conroy,phineas.conroy@gmail.com,7077338144,ACC32077,JOB00098
CUS41385,Clint Kuhndel,clint.kuhndel@gmail.com,7434774224,ACC86305,JOB00099
CUS52214,Madelon Albrighton,madelon.albrighton@gmail.com,6549941924,ACC05667,JOB00100
CUS09029,Warden Guiot,warden.guiot@gmail.com,8326516984,ACC75046,JOB00101
CUS71998,Kiri Faussett,kiri.faussett@gmail.com,3563291849,ACC21341,JOB00102
CUS72778,Beryle Veysey,beryle.veysey@gmail.com,8122117561,ACC05931,JOB00103
CUS12235,Nertie Kosel,nertie.kosel@gmail.com,1614723701,ACC30633,JOB00104
CUS64566,Peggi Hickinbottom,peggi.hickinbottom@gmail.com,3279794582,ACC71486,JOB00105
CUS49718,Muffin Pennini,muffin.pennini@gmail.com,9668242740,ACC66674,JOB00106
CUS26470,Shirl McAsgill,shirl.mcasgill@gmail.com,6268179123,ACC69866,JOB00107
CUS93798,Tish Perrie,tish.perrie@gmail.com,3577488201,ACC60746,JOB00108
CUS18312,Gert Kenewell,gert.kenewell@gmail.com,7894319453,ACC35873,JOB00109
CUS96477,Garland MacAlester,garland.macalester@gmail.com,1351837483,ACC05058,JOB00110
CUS71045,Lonny MacRitchie,lonny.macritchie@gmail.com,8019806009,ACC03250,JOB00111
CUS53700,Andres de Courcy,andres.de.courcy@gmail.com,5584109826,ACC09224,JOB00112
CUS94944,Anatola Scain,anatola.scain@gmail.com,5611077252,ACC12257,JOB00113
CUS86443,Mariquilla D'Hooge,mariquilla.d'hooge@gmail.com,2703340780,ACC73206,JOB00114
CUS19297,Ginger Matt,ginger.matt@gmail.com,7996261048,ACC47096,JOB00115
CUS75309,El Castiello,el.castiello@gmail.com,2593726389,ACC16796,JOB00116
CUS10855,Reiko Coal,reiko.coal@gmail.com,8967603021,ACC35873,JOB00117
CUS06496,Gleda Stembridge,gleda.stembridge@gmail.com,6316415087,ACC62831,JOB00118
CUS17517,Alfonso Alvey,alfonso.alvey@gmail.com,7746901137,ACC23712,JOB00119
CUS05483,Aksel Battisson,aksel.battisson@gmail.com,4391868700,ACC35180,JOB00120
CUS06273,Silvio Lauks,silvio.lauks@gmail.com,7471726529,ACC69866,JOB00121
CUS23873,Jackqueline Patriche,jackqueline.patriche@gmail.com,4551353109,ACC35045,JOB00122
CUS38068,Daniele Kleinplatz,daniele.kleinplatz@gmail.com,7195364087,ACC35180,JOB00123
CUS36078,Thomasin Craven,thomasin.craven@gmail.com,5789684298,ACC62522,JOB00124
CUS50788,Jordan Edgson,jordan.edgson@gmail.com,5742381233,ACC25776,JOB00125
CUS27025,Homer Elgy,homer.elgy@gmail.com,7124744192,ACC76609,JOB00126
CUS85444,Jillie Bert,jillie.bert@gmail.com,3011768316,ACC49701,JOB00127
CUS08390,Dionis Ludmann,dionis.ludmann@gmail.com,8202884554,ACC31815,JOB00128
CUS37522,Jarrett Easterby,jarrett.easterby@gmail.com,7144728775,ACC53037,JOB00129
CUS63466,Heriberto Chestnutt,heriberto.chestnutt@gmail.com,4359755124,ACC13923,JOB00130
CUS78491,Cristiano Tilbey,cristiano.tilbey@gmail.com,5739158671,ACC71969,JOB00131
CUS90644,Louisette Roseburgh,louisette.roseburgh@gmail.com,3167611114,ACC97021,JOB00132
CUS65513,Wini Igo,wini.igo@gmail.com,3512706937,ACC70661,JOB00133
CUS50235,Ysabel Francescuccio,ysabel.francescuccio@gmail.com,3649462976,ACC14357,JOB00134
CUS60430,Jerrold Falconar,jerrold.falconar@gmail.com,9176293288,ACC57426,JOB00135
CUS46509,Aggie Diffley,aggie.diffley@gmail.com,4879610039,ACC88766,JOB00136
CUS24896,Josselyn Williscroft,josselyn.williscroft@gmail.com,1502219977,ACC75046,JOB00137
CUS96288,Cicily Pescod,cicily.pescod@gmail.com,2246552043,ACC57521,JOB00138
CUS98597,Corie Dumphries,corie.dumphries@gmail.com,1892011860,ACC53037,JOB00139
CUS32591,Teddie Broader,teddie.broader@gmail.com,9571518163,ACC88766,JOB00140
CUS97011,Reid Jurn,reid.jurn@gmail.com,1435866952,ACC71892,JOB00141
CUS71442,Leontine Elleton,leontine.elleton@gmail.com,1691207398,ACC47096,JOB00142
CUS78063,Keen Aggs,keen.aggs@gmail.com,6143060650,ACC55427,JOB00143
CUS62030,Abra McCarl,abra.mccarl@gmail.com,3839753581,ACC40067,JOB00144
CUS27396,Margarita Bachnic,margarita.bachnic@gmail.com,2693167859,ACC52239,JOB00145
CUS98718,Norby Keinrat,norby.keinrat@gmail.com,8301094033,ACC58923,JOB00146
CUS66128,Linc Detoc,linc.detoc@gmail.com,9272002424,ACC12501,JOB00147
CUS74473,Zacharias Sturley,zacharias.sturley@gmail.com,5958597886,ACC23955,JOB00148
CUS91342,Aleksandr Pluck,aleksandr.pluck@gmail.com,7225537205,ACC43580,JOB00149
CUS24364,Nicolle Howford,nicolle.howford@gmail.com,9035324281,ACC48452,JOB00150
CUS78097,Matthiew Ormonde,matthiew.ormonde@gmail.com,2769394885,ACC48452,JOB00151
CUS85822,Filmer Stallibrass,filmer.stallibrass@gmail.com,7453589269,ACC32077,JOB00152
CUS27051,Franklyn Stokoe,franklyn.stokoe@gmail.com,8436383539,ACC80858,JOB00153
CUS95125,Pren Sizzey,pren.sizzey@gmail.com,7924897129,ACC72518,JOB00154
CUS90008,Giacomo Blance,giacomo.blance@gmail.com,8698980739,ACC67875,JOB00155
CUS86466,Tootsie Mosley,tootsie.mosley@gmail.com,9612109321,ACC05243,JOB00156
CUS99539,Karina Relph,karina.relph@gmail.com,8042548419,ACC79417,JOB00157
CUS10827,Jessalyn Klimontovich,jessalyn.klimontovich@gmail.com,7815579924,ACC05667,JOB00158
CUS86431,Herman Adderson,herman.adderson@gmail.com,2422044686,ACC44225,JOB00159
CUS44017,Crista Lunge,crista.lunge@gmail.com,7286647148,ACC49809,JOB00160
CUS65487,Marita Scrimshaw,marita.scrimshaw@gmail.com,3597676501,ACC96812,JOB00161
CUS55248,Jorge Brotherton,jorge.brotherton@gmail.com,4197286045,ACC83856,JOB00162
CUS23915,Leigh Mufford,leigh.mufford@gmail.com,2523762916,ACC23712,JOB00163
CUS60715,Laurette Heeks,laurette.heeks@gmail.com,7682578358,ACC38281,JOB00164
CUS06422,Hester Chantrell,hester.chantrell@gmail.com,9106381182,ACC71969,JOB00165
CUS01285,Adria Dudenie,adria.dudenie@gmail.com,4954059233,ACC35813,JOB00166
CUS61976,Tish Pobjay,tish.pobjay@gmail.com,4032613220,ACC40067,JOB00167
CUS99749,Colline Leys,colline.leys@gmail.com,6184195360,ACC81946,JOB00168
CUS23346,Gino Philson,gino.philson@gmail.com,7284632361,ACC25534,JOB00169
CUS32170,Edith Charity,edith.charity@gmail.com,6333184898,ACC89667,JOB00170
CUS05891,Roshelle Weed,roshelle.weed@gmail.com,5131230577,ACC03980,JOB00171
CUS73760,Jeth Trembath,jeth.trembath@gmail.com,9053410026,ACC17352,JOB00172
CUS62501,Beryl Larkin,beryl.larkin@gmail.com,1888433159,ACC47958,JOB00173
CUS31664,Umeko Ventham,umeko.ventham@gmail.com,3679867751,ACC22273,JOB00174
CUS74705,Lucinda Calendar,lucinda.calendar@gmail.com,6834957594,ACC30633,JOB00175
CUS01933,Ban Dank,ban.dank@gmail.com,2406572184,ACC47096,JOB00176
CUS00287,Taite Osselton,taite.osselton@gmail.com,2563969389,ACC57426,JOB00177
CUS82138,Reta Birchenough,reta.birchenough@gmail.com,2199683791,ACC14580,JOB00178
CUS84665,Sherwynd Friary,sherwynd.friary@gmail.com,4566230940,ACC90584,JOB00179
CUS69506,Filia Ausher,filia.ausher@gmail.com,9148944516,ACC81946,JOB00180
CUS39783,Micah Dulanty,micah.dulanty@gmail.com,3205845218,ACC73380,JOB00181
CUS82423,Jordan Fibbens,jordan.fibbens@gmail.com,5455154067,ACC43580,JOB00182
CUS61347,Evy MacGill,evy.macgill@gmail.com,5936540720,ACC28892,JOB00183
CUS27417,Nell Venditti,nell.venditti@gmail.com,5576614255,ACC73527,JOB00184
CUS80166,Fredra Cockarill,fredra.cockarill@gmail.com,6978740894,ACC61421,JOB00185
CUS28020,Roy Imlach,roy.imlach@gmail.com,3837349496,ACC31682,JOB00186
CUS56271,Emmet Greeves,emmet.greeves@gmail.com,4464394177,ACC81946,JOB00187
CUS47748,Ferdy Ickovitz,ferdy.ickovitz@gmail.com,5482336389,ACC72518,JOB00188
CUS51067,Gisella Malyan,gisella.malyan@gmail.com,7495441221,ACC79218,JOB00189
CUS32515,Joby Stuehmeyer,joby.stuehmeyer@gmail.com,4227351872,ACC25534,JOB00190
CUS57666,Aloise Sextone,aloise.sextone@gmail.com,1423219991,ACC79218,JOB00191
CUS08621,Christian Munt,christian.munt@gmail.com,4037357566,ACC21341,JOB00192
CUS48712,Gifford Jindra,gifford.jindra@gmail.com,5896505699,ACC69866,JOB00193
CUS34156,Didi Yurenev,didi.yurenev@gmail.com,2754322721,ACC48875,JOB00194
CUS65660,Corry Gerrelts,corry.gerrelts@gmail.com,4657105457,ACC13106,JOB00195
CUS88584,Gayler Du Plantier,gayler.du.plantier@gmail.com,8063730106,ACC70493,JOB00196
CUS30834,Kelsy Biddle,kelsy.biddle@gmail.com,7573588755,ACC17352,JOB00197
CUS37155,Elena MacCauley,elena.maccauley@gmail.com,8342763589,ACC31815,JOB00198
CUS67403,Bendick Byneth,bendick.byneth@gmail.com,3383754192,ACC95015,JOB00199
CUS33812,Kurt Bossel,kurt.bossel@gmail.com,7083979411,ACC41239,JOB00200
CUS27369,Jethro Thorsen,jethro.thorsen@gmail.com,7186936777,ACC54881,JOB00201
CUS07833,Malia Clail,malia.clail@gmail.com,9339283696,ACC00640,JOB00202
CUS22273,Tiffy Sivil,tiffy.sivil@gmail.com,7892043004,ACC41695,JOB00203
CUS25479,Noella Botting,noella.botting@gmail.com,8376077674,ACC05931,JOB00204
CUS55627,Freddi Cumberpatch,freddi.cumberpatch@gmail.com,8087790872,ACC54881,JOB00205
CUS03311,Noella Guilliatt,noella.guilliatt@gmail.com,8127941366,ACC14580,JOB00206
CUS07869,Marje Deverell,marje.deverell@gmail.com,2634345087,ACC43187,JOB00207
CUS69904,Nolana Threader,nolana.threader@gmail.com,5679509685,ACC26159,JOB00208
CUS20816,Letisha Skingle,letisha.skingle@gmail.com,1598228587,ACC66132,JOB00209
CUS86454,Georgie Benmore,georgie.benmore@gmail.com,6293234024,ACC54881,JOB00210
CUS80717,Kora Bonett,kora.bonett@gmail.com,6062300877,ACC61421,JOB00211
CUS70761,Jeremy Burgiss,jeremy.burgiss@gmail.com,1177819208,ACC70493,JOB00212
CUS31700,Ody Rozanski,ody.rozanski@gmail.com,5949694042,ACC20110,JOB00213
CUS24022,Alexandre Skurray,alexandre.skurray@gmail.com,4236840023,ACC68679,JOB00214
CUS57414,Bonni Habershon,bonni.habershon@gmail.com,4041475829,ACC57426,JOB00215
CUS74158,Siusan Rosenthaler,siusan.rosenthaler@gmail.com,4617578343,ACC47476,JOB00216
CUS78183,Mallory Jiggens,mallory.jiggens@gmail.com,5043140024,ACC06205,JOB00217
CUS78864,Rex Scoines,rex.scoines@gmail.com,8298328881,ACC81139,JOB00218
CUS88763,Earvin Goodere,earvin.goodere@gmail.com,8231810314,ACC51971,JOB00219
CUS70731,Mirelle McKag,mirelle.mckag@gmail.com,7496143408,ACC17352,JOB00220
CUS53195,Brade Alsford,brade.alsford@gmail.com,1665201135,ACC78884,JOB00221
CUS36162,Quinton Gerbel,quinton.gerbel@gmail.com,3023073292,ACC91222,JOB00222
CUS84175,Ferdinand Gammett,ferdinand.gammett@gmail.com,9637813180,ACC39192,JOB00223
CUS49673,Clarine Jorcke,clarine.jorcke@gmail.com,2288257260,ACC10953,JOB00224
CUS37888,Sonny Moulton,sonny.moulton@gmail.com,3431498828,ACC93619,JOB00225
CUS10471,Tess Undrell,tess.undrell@gmail.com,5422979728,ACC39192,JOB00226
CUS03738,Chiarra Hargrove,chiarra.hargrove@gmail.com,7422720568,ACC86083,JOB00227
CUS59556,Stacey Klosser,stacey.klosser@gmail.com,6849468006,ACC35172,JOB00228
CUS75092,Sharyl Sparling,sharyl.sparling@gmail.com,9057848377,ACC89667,JOB00229
CUS20311,Walden Noods,walden.noods@gmail.com,8801733102,ACC35045,JOB00230
CUS88701,Raynard MacGuigan,raynard.macguigan@gmail.com,2421531446,ACC81139,JOB00231
CUS46216,Martie Lutzmann,martie.lutzmann@gmail.com,8979454902,ACC68523,JOB00232
CUS35220,Aila Buesden,aila.buesden@gmail.com,3883304419,ACC31815,JOB00233
CUS70274,Gilberte Gainsbury,gilberte.gainsbury@gmail.com,9803588678,ACC59319,JOB00234
CUS64041,Pia Gruszka,pia.gruszka@gmail.com,1657792439,ACC35329,JOB00235
CUS28694,Gustie Pere,gustie.pere@gmail.com,1162675316,ACC05243,JOB00236
CUS10706,Alejandro Yanyushkin,alejandro.yanyushkin@gmail.com,4957439851,ACC44225,JOB00237
CUS06790,Delora Canavan,delora.canavan@gmail.com,7847804571,ACC53037,JOB00238
CUS79090,Isabella Caruth,isabella.caruth@gmail.com,2569841364,ACC67875,JOB00239
CUS50945,Lorraine Duly,lorraine.duly@gmail.com,9866569276,ACC35045,JOB00240
CUS98222,Killian Meany,killian.meany@gmail.com,1021464161,ACC06205,JOB00241
CUS94703,Tailor Perry,tailor.perry@gmail.com,2747112533,ACC16363,JOB00242
CUS46906,Bradly Sketch,bradly.sketch@gmail.com,6522159849,ACC41239,JOB00243
CUS67328,Bianka Cuddehy,bianka.cuddehy@gmail.com,6455505090,ACC13923,JOB00244
CUS52984,Tami Nason,tami.nason@gmail.com,3124141365,ACC48452,JOB00245
CUS07953,Kira Dyerson,kira.dyerson@gmail.com,8475903636,ACC48597,JOB00246
CUS53419,Artie O'Gleasane,artie.o'gleasane@gmail.com,4093173587,ACC31815,JOB00247
CUS25309,Rheba Scimone,rheba.scimone@gmail.com,2058043853,ACC14357,JOB00248
CUS36856,Casper Sifleet,casper.sifleet@gmail.com,9832328429,ACC20110,JOB00249
CUS21427,Merola Orrick,merola.orrick@gmail.com,6088309304,ACC61211,JOB00250
CUS42086,Joseph Starbuck,joseph.starbuck@gmail.com,5855435018,ACC05058,JOB00251
CUS69849,Timothy Kenealy,timothy.kenealy@gmail.com,7047666358,ACC22273,JOB00252
CUS71808,Oswell Attard,oswell.attard@gmail.com,7659594693,ACC05243,JOB00253
CUS75474,Lorettalorna Bridewell,lorettalorna.bridewell@gmail.com,8653903910,ACC96812,JOB00254
CUS20842,Kalina Codlin,kalina.codlin@gmail.com,2977179921,ACC67875,JOB00255
CUS75864,Agneta Wardlow,agneta.wardlow@gmail.com,9522817056,ACC35172,JOB00256
CUS88615,Kent Le Conte,kent.le.conte@gmail.com,7739436373,ACC35813,JOB00257
CUS34233,Saul Huggins,saul.huggins@gmail.com,9305146326,ACC62831,JOB00258
CUS99043,Cullen Quiney,cullen.quiney@gmail.com,2045050383,ACC52571,JOB00259
CUS78309,Thorin Petracco,thorin.petracco@gmail.com,3828042085,ACC33483,JOB00260
CUS43088,Reed Overnell,reed.overnell@gmail.com,6197868982,ACC37341,JOB00261
CUS16002,Braden Jozef,braden.jozef@gmail.com,4829453200,ACC40067,JOB00262
CUS85496,Michel Faucherand,michel.faucherand@gmail.com,5896222947,ACC55427,JOB00263
CUS76529,Marcello Fanti,marcello.fanti@gmail.com,5618725264,ACC22273,JOB00264
CUS85049,Nadine Lugsdin,nadine.lugsdin@gmail.com,4665766092,ACC12506,JOB00265
CUS05126,Rosmunda Liddall,rosmunda.liddall@gmail.com,8537337443,ACC64784,JOB00266
CUS31378,Kristoforo Benedicte,kristoforo.benedicte@gmail.com,6154456548,ACC73380,JOB00267
CUS34020,Giorgio Skyrme,giorgio.skyrme@gmail.com,7432968856,ACC32077,JOB00268
CUS02036,Saundra Oakden,saundra.oakden@gmail.com,4236811591,ACC47835,JOB00269
CUS29144,Lanny Birkin,lanny.birkin@gmail.com,2646258297,ACC86083,JOB00270
CUS02506,Prinz Belin,prinz.belin@gmail.com,9098563085,ACC45788,JOB00271
CUS84022,Phyllis Dougal,phyllis.dougal@gmail.com,6694985367,ACC73380,JOB00272
CUS77018,Jessamine Mordey,jessamine.mordey@gmail.com,2013803470,ACC30633,JOB00273
CUS28686,Effie O'Lennachain,effie.o'lennachain@gmail.com,4431930545,ACC94035,JOB00274
CUS07239,Tom Choulerton,tom.choulerton@gmail.com,8369755288,ACC17352,JOB00275
CUS36934,Burton Bartles,burton.bartles@gmail.com,3761215884,ACC01063,JOB00276
CUS23847,Linea Cackett,linea.cackett@gmail.com,2179085177,ACC96912,JOB00277
CUS44869,Jacquelin Kelso,jacquelin.kelso@gmail.com,3222810692,ACC49701,JOB00278
CUS27880,Shir Stockall,shir.stockall@gmail.com,6176945156,ACC03250,JOB00279
CUS75167,Rube Disbrey,rube.disbrey@gmail.com,9327417685,ACC25776,JOB00280
CUS94614,Townie Melledy,townie.melledy@gmail.com,6768072615,ACC13106,JOB00281
CUS58048,Meaghan Corck,meaghan.corck@gmail.com,1227041212,ACC79218,JOB00282
CUS52463,Ellyn Ramsden,ellyn.ramsden@gmail.com,9126794122,ACC47476,JOB00283
CUS05056,Iorgo Larking,iorgo.larking@gmail.com,8886890608,ACC57426,JOB00284
CUS16996,Stafani Patzelt,stafani.patzelt@gmail.com,7078802328,ACC69519,JOB00285
CUS32250,Sibilla Presnell,sibilla.presnell@gmail.com,1615199835,ACC73206,JOB00286
CUS46773,Andree Ryton,andree.ryton@gmail.com,7339862856,ACC11797,JOB00287
CUS65097,Trumann Widdop,trumann.widdop@gmail.com,6329377247,ACC26973,JOB00288
CUS19943,Marleen Bembrigg,marleen.bembrigg@gmail.com,4313054955,ACC76019,JOB00289
CUS64066,Batholomew Sterricks,batholomew.sterricks@gmail.com,2637019095,ACC16363,JOB00290
CUS55985,Robyn Buckler,robyn.buckler@gmail.com,4422537096,ACC68679,JOB00291
CUS96583,Eve Croxley,eve.croxley@gmail.com,8675302258,ACC01063,JOB00292
CUS54914,Willamina Trustey,willamina.trustey@gmail.com,4193539369,ACC24456,JOB00293
CUS48369,Micaela Skillman,micaela.skillman@gmail.com,5991328775,ACC54881,JOB00294
CUS25720,Vilma Gronav,vilma.gronav@gmail.com,3262229529,ACC12257,JOB00295
CUS88254,Rooney Godney,rooney.godney@gmail.com,6121495498,ACC76609,JOB00296
CUS19410,Mortimer Palluschek,mortimer.palluschek@gmail.com,1594445509,ACC14580,JOB00297
CUS17680,Maryellen Manvell,maryellen.manvell@gmail.com,7069558693,ACC69519,JOB00298
CUS88093,Sallyann Pirelli,sallyann.pirelli@gmail.com,7706784300,ACC85106,JOB00299
CUS92562,Jenna Domenge,jenna.domenge@gmail.com,8508640224,ACC35172,JOB00300
CUS58647,Dallas Gregori,dallas.gregori@gmail.com,6777471395,ACC32090,JOB00301
CUS87423,Niles Pina,niles.pina@gmail.com,4767201384,ACC99342,JOB00302
CUS10931,Allard Armin,allard.armin@gmail.com,2306326073,ACC78225,JOB00303
CUS88377,Lilas Muzzi,lilas.muzzi@gmail.com,1998890232,ACC75287,JOB00304
CUS55783,Valera Matijasevic,valera.matijasevic@gmail.com,1961246377,ACC70493,JOB00305
CUS84988,Karin Barehead,karin.barehead@gmail.com,7808401739,ACC66795,JOB00306
CUS32514,Lisette Padell,lisette.padell@gmail.com,7185892140,ACC41695,JOB00307
CUS60595,Ula Stickells,ula.stickells@gmail.com,1036309119,ACC88766,JOB00308
CUS47726,Cathi Brumby,cathi.brumby@gmail.com,3571256798,ACC00640,JOB00309
CUS26550,Freddi Tedman,freddi.tedman@gmail.com,6287623150,ACC35866,JOB00310
CUS41200,Kirsti Ravelus,kirsti.ravelus@gmail.com,4986981100,ACC35329,JOB00311
CUS69469,Clotilda Ennor,clotilda.ennor@gmail.com,1414457814,ACC23712,JOB00312
CUS88575,Kelcey Errichi,kelcey.errichi@gmail.com,9632363874,ACC71150,JOB00313
CUS77216,Ondrea Chance,ondrea.chance@gmail.com,9754019199,ACC50214,JOB00314
CUS81518,Augy Golden of Ireland,augy.golden.of.ireland@gmail.com,4483823219,ACC73206,JOB00315
CUS23905,Caryn Yeeles,caryn.yeeles@gmail.com,1525070830,ACC78884,JOB00316
CUS98009,Ricca Lehrahan,ricca.lehrahan@gmail.com,4322299150,ACC10953,JOB00317
CUS73170,Christos Ferrieri,christos.ferrieri@gmail.com,4739491466,ACC82649,JOB00318
CUS37732,Nata Billes,nata.billes@gmail.com,4465190686,ACC12501,JOB00319
CUS48051,Dare Sysland,dare.sysland@gmail.com,2876107617,ACC52019,JOB00320
CUS86321,Caprice Eagle,caprice.eagle@gmail.com,6852989982,ACC89667,JOB00321
CUS93116,Gordon Ivanets,gordon.ivanets@gmail.com,7151114044,ACC64784,JOB00322
CUS47029,Alaric Watt,alaric.watt@gmail.com,7199443814,ACC31815,JOB00323
CUS19904,Sula Joblin,sula.joblin@gmail.com,5709321951,ACC35180,JOB00324
CUS87972,Carter Bremley,carter.bremley@gmail.com,8824743182,ACC84642,JOB00325
CUS02783,Windy Croix,windy.croix@gmail.com,5002739833,ACC09224,JOB00326
CUS55590,Melva Griswood,melva.griswood@gmail.com,5909227365,ACC21341,JOB00327
CUS34115,Berna Lowde,berna.lowde@gmail.com,1375456640,ACC88766,JOB00328
CUS71193,Dore Gannicott,dore.gannicott@gmail.com,3647320344,ACC78530,JOB00329
CUS63883,Al Boribal,al.boribal@gmail.com,9666487623,ACC78884,JOB00330
CUS96819,Bram Gresch,bram.gresch@gmail.com,9969255108,ACC28892,JOB00331
CUS60768,Rickie Crehan,rickie.crehan@gmail.com,1084449037,ACC96912,JOB00332
CUS95129,Garold Addyman,garold.addyman@gmail.com,4135211659,ACC81139,JOB00333
CUS01495,Ema Shorto,ema.shorto@gmail.com,4193421968,ACC75876,JOB00334
CUS51595,Bart Dryden,bart.dryden@gmail.com,8168040078,ACC71150,JOB00335
CUS28021,Paco Beggin,paco.beggin@gmail.com,3244955280,ACC01063,JOB00336
CUS83800,Rosemarie Jarrell,rosemarie.jarrell@gmail.com,3028892356,ACC49778,JOB00337
CUS24264,Vevay Van Haeften,vevay.van.haeften@gmail.com,3908835568,ACC70661,JOB00338
CUS28861,Ryann Scherme,ryann.scherme@gmail.com,8231245174,ACC11797,JOB00339
CUS09612,Bernadene Harnetty,bernadene.harnetty@gmail.com,9227302352,ACC25534,JOB00340
CUS69373,Taffy Nightingale,taffy.nightingale@gmail.com,1252872276,ACC60746,JOB00341
CUS73644,Moyra Knevett,moyra.knevett@gmail.com,4152859773,ACC66795,JOB00342
CUS47170,Ced Sheriff,ced.sheriff@gmail.com,1856656379,ACC23955,JOB00343
CUS07380,Grange Fysh,grange.fysh@gmail.com,9896434271,ACC52019,JOB00344
CUS13196,Dulcea Gorioli,dulcea.gorioli@gmail.com,5956757456,ACC33496,JOB00345
CUS90190,Shanda Carney,shanda.carney@gmail.com,3058237213,ACC31682,JOB00346
CUS65545,Lloyd Pimblett,lloyd.pimblett@gmail.com,2932975987,ACC14580,JOB00347
CUS40244,Gypsy Girardini,gypsy.girardini@gmail.com,7301832071,ACC95015,JOB00348
CUS02955,Michelle Regi,michelle.regi@gmail.com,2632283948,ACC91988,JOB00349
CUS09797,Shelby Downs,shelby.downs@gmail.com,4482456418,ACC35172,JOB00350
CUS88139,Allyn Govey,allyn.govey@gmail.com,1574829811,ACC57460,JOB00351
CUS02883,Mort Esmead,mort.esmead@gmail.com,2182578540,ACC37018,JOB00352
CUS46873,Athena Hirthe,athena.hirthe@gmail.com,7046761919,ACC25534,JOB00353
CUS70158,Sumner Crackett,sumner.crackett@gmail.com,3443598323,ACC61211,JOB00354
CUS50780,Madlen Barlthrop,madlen.barlthrop@gmail.com,3448674584,ACC67875,JOB00355
CUS77646,Lisle Northidge,lisle.northidge@gmail.com,8499636203,ACC69866,JOB00356
CUS78222,Minnnie Larkby,minnnie.larkby@gmail.com,3039884176,ACC80858,JOB00357
CUS62520,Brina Hurles,brina.hurles@gmail.com,7613439282,ACC83856,JOB00358
CUS54087,Ephraim Liebermann,ephraim.liebermann@gmail.com,3654897854,ACC16796,JOB00359
CUS33789,Kalinda Gotcliffe,kalinda.gotcliffe@gmail.com,9761819406,ACC83856,JOB00360
CUS58050,Gaile Marriner,gaile.marriner@gmail.com,3731886342,ACC90021,JOB00361
CUS78283,Nellie Goodfellowe,nellie.goodfellowe@gmail.com,1379650949,ACC41646,JOB00362
CUS24094,Netti Kisbee,netti.kisbee@gmail.com,9255746524,ACC25845,JOB00363
CUS76148,Sherill Redholes,sherill.redholes@gmail.com,6193781786,ACC69866,JOB00364
CUS82930,Dene Cubin,dene.cubin@gmail.com,8888930759,ACC10953,JOB00365
CUS34456,Rogers Keene,rogers.keene@gmail.com,7121520786,ACC66132,JOB00366
CUS37975,Sullivan Pietrasik,sullivan.pietrasik@gmail.com,6917132942,ACC69866,JOB00367
CUS40012,Bradley Droghan,bradley.droghan@gmail.com,6507065292,ACC75287,JOB00368
CUS18655,Kathye Jovicic,kathye.jovicic@gmail.com,1738842782,ACC48452,JOB00369
CUS02089,Sheena Bleby,sheena.bleby@gmail.com,4178037446,ACC70493,JOB00370
CUS56301,Ardra Orpen,ardra.orpen@gmail.com,1947718170,ACC96912,JOB00371
CUS08507,Sally Punchard,sally.punchard@gmail.com,5218960945,ACC88766,JOB00372
CUS52157,Katerine Mulvihill,katerine.mulvihill@gmail.com,4906115090,ACC75046,JOB00373
CUS89618,Logan Sanper,logan.sanper@gmail.com,6685472760,ACC62522,JOB00374
CUS59593,Myrlene Izatt,myrlene.izatt@gmail.com,7771598373,ACC78225,JOB00375
CUS12532,Prisca Figura,prisca.figura@gmail.com,1051935578,ACC90584,JOB00376
CUS35790,Rufe Boag,rufe.boag@gmail.com,6416538610,ACC43580,JOB00377
CUS93849,Lorrin Dufton,lorrin.dufton@gmail.com,1501993766,ACC51971,JOB00378
CUS06072,Dylan Reims,dylan.reims@gmail.com,8559818866,ACC41646,JOB00379
CUS83528,Raddy Alldridge,raddy.alldridge@gmail.com,7934473413,ACC25776,JOB00380
CUS34961,Della Filipychev,della.filipychev@gmail.com,9853165424,ACC05243,JOB00381
CUS70654,Callean Pinare,callean.pinare@gmail.com,1978223267,ACC12506,JOB00382
CUS10848,Bard Fairrie,bard.fairrie@gmail.com,6086124022,ACC87270,JOB00383
CUS86273,Tabor Tackle,tabor.tackle@gmail.com,2083694933,ACC20933,JOB00384
CUS33621,Lari Handrahan,lari.handrahan@gmail.com,9188950009,ACC76019,JOB00385
CUS14693,Rory Fitzsymons,rory.fitzsymons@gmail.com,3767278148,ACC35444,JOB00386
CUS73928,Veronique Vasyukhnov,veronique.vasyukhnov@gmail.com,1839874289,ACC75287,JOB00387
CUS88009,Herve Fransinelli,herve.fransinelli@gmail.com,8334442433,ACC25534,JOB00388
CUS49897,Winny Mannin,winny.mannin@gmail.com,4912017350,ACC97021,JOB00389
CUS53028,Mareah Giamuzzo,mareah.giamuzzo@gmail.com,8631952224,ACC59577,JOB00390
CUS66389,Cletus Klyn,cletus.klyn@gmail.com,4072514601,ACC57835,JOB00391
CUS07222,Pincas Raden,pincas.raden@gmail.com,6689817941,ACC84642,JOB00392
CUS16909,Evangelin Dubble,evangelin.dubble@gmail.com,8388005165,ACC73527,JOB00393
CUS05185,Wolfie Arnaldy,wolfie.arnaldy@gmail.com,4328779443,ACC06205,JOB00394
CUS22677,Diana Moxted,diana.moxted@gmail.com,8835388834,ACC71150,JOB00395
CUS72280,Morris McKinnon,morris.mckinnon@gmail.com,7204860452,ACC05058,JOB00396
CUS76291,Kizzie Ilyin,kizzie.ilyin@gmail.com,6866409294,ACC49778,JOB00397
CUS57895,Culley Glasspool,culley.glasspool@gmail.com,3636716791,ACC71892,JOB00398
CUS87096,Trev Derrington,trev.derrington@gmail.com,1739725161,ACC73380,JOB00399
CUS96327,Corbie Pinare,corbie.pinare@gmail.com,5151172385,ACC87270,JOB00400
CUS69984,Harmonia Marlin,harmonia.marlin@gmail.com,5062520749,ACC05243,JOB00401
CUS57121,Lennie Radke,lennie.radke@gmail.com,9242673565,ACC00640,JOB00402
CUS58960,Heriberto Ridgeway,heriberto.ridgeway@gmail.com,8296930433,ACC88502,JOB00403
CUS60348,Rozanna Steere,rozanna.steere@gmail.com,7729768855,ACC13138,JOB00404
CUS19349,Mindy MacElane,mindy.macelane@gmail.com,6893580897,ACC64625,JOB00405
CUS05384,Genia Tiner,genia.tiner@gmail.com,4924761991,ACC61532,JOB00406
CUS52869,Gallagher Francescuzzi,gallagher.francescuzzi@gmail.com,1366636351,ACC41646,JOB00407
CUS29006,Drake Indge,drake.indge@gmail.com,8039418133,ACC70719,JOB00408
CUS07540,Marice Mottinelli,marice.mottinelli@gmail.com,8501162291,ACC49445,JOB00409
CUS52341,Ianthe Blowers,ianthe.blowers@gmail.com,9663190482,ACC33565,JOB00410
CUS14318,Leshia Pendergast,leshia.pendergast@gmail.com,6751399073,ACC73380,JOB00411
CUS05070,Marrilee Vampouille,marrilee.vampouille@gmail.com,5702903192,ACC55427,JOB00412
CUS95602,Hastings Obispo,hastings.obispo@gmail.com,9987896722,ACC78530,JOB00413
CUS31006,Ellary Wisedale,ellary.wisedale@gmail.com,6373250011,ACC99098,JOB00414
CUS71280,Kaleena Blodget,kaleena.blodget@gmail.com,1111214173,ACC53037,JOB00415
CUS51288,Nani Dunseith,nani.dunseith@gmail.com,2537134826,ACC75046,JOB00416
CUS40234,Blake Bowfin,blake.bowfin@gmail.com,1194855419,ACC59319,JOB00417
CUS94394,Loralee Vanni,loralee.vanni@gmail.com,4717390295,ACC35866,JOB00418
CUS04992,Tandie Howorth,tandie.howorth@gmail.com,7363892343,ACC28892,JOB00419
CUS71484,Saba Ferrucci,saba.ferrucci@gmail.com,9556575447,ACC25776,JOB00420
CUS47311,Robbert Libbe,robbert.libbe@gmail.com,2029540070,ACC47048,JOB00421
CUS50467,York Yesson,york.yesson@gmail.com,2079346279,ACC73527,JOB00422
CUS54982,Chloris Dacres,chloris.dacres@gmail.com,7862446108,ACC35796,JOB00423
CUS64117,Whitaker Cowe,whitaker.cowe@gmail.com,7107371037,ACC35796,JOB00424
CUS30991,Hamish Worsell,hamish.worsell@gmail.com,7619073859,ACC78884,JOB00425
CUS12894,Melicent Iddins,melicent.iddins@gmail.com,9136141515,ACC33496,JOB00426
CUS74555,Isabella Howler,isabella.howler@gmail.com,7794368715,ACC33483,JOB00427
CUS85158,Percy McFadyen,percy.mcfadyen@gmail.com,2108958913,ACC04174,JOB00428
CUS16048,Laura Ditter,laura.ditter@gmail.com,1033896264,ACC30633,JOB00429
CUS53426,Ambros Lambrechts,ambros.lambrechts@gmail.com,3125624790,ACC47476,JOB00430
CUS58477,Edy Potticary,edy.potticary@gmail.com,6192264958,ACC76609,JOB00431
CUS39651,Twyla Stone,twyla.stone@gmail.com,2612986618,ACC60303,JOB00432
CUS42870,Cassandry Debow,cassandry.debow@gmail.com,1351802824,ACC89374,JOB00433
CUS91397,Rina Cattellion,rina.cattellion@gmail.com,1253346055,ACC40496,JOB00434
CUS57239,Johnathan Laimable,johnathan.laimable@gmail.com,6431350509,ACC54881,JOB00435
CUS99204,Minnnie Ironmonger,minnnie.ironmonger@gmail.com,5159355745,ACC61211,JOB00436
CUS26975,Shane Saterthwait,shane.saterthwait@gmail.com,6256805458,ACC70493,JOB00437
CUS49898,Ashleigh Emlin,ashleigh.emlin@gmail.com,4778583090,ACC33483,JOB00438
CUS96860,Dyan Autin,dyan.autin@gmail.com,2025374018,ACC69565,JOB00439
CUS58966,Paolo O'Sherrin,paolo.o'sherrin@gmail.com,9854276717,ACC41646,JOB00440
CUS73512,Raf Kale,raf.kale@gmail.com,9913104843,ACC71892,JOB00441
CUS53868,Ulysses Camacke,ulysses.camacke@gmail.com,2605875054,ACC69519,JOB00442
CUS51513,Lonnard Paulig,lonnard.paulig@gmail.com,1827899690,ACC93619,JOB00443
CUS21787,Virgil Tomasino,virgil.tomasino@gmail.com,6398737353,ACC32077,JOB00444
CUS08006,Addie MacRannell,addie.macrannell@gmail.com,1479791993,ACC96912,JOB00445
CUS65320,Leonhard Batchelor,leonhard.batchelor@gmail.com,8818360873,ACC60303,JOB00446
CUS63526,Brnaby Test,brnaby.test@gmail.com,4053329574,ACC83856,JOB00447
CUS14217,Dusty Vowden,dusty.vowden@gmail.com,9138130683,ACC41646,JOB00448
CUS51630,Felita Menat,felita.menat@gmail.com,8386770036,ACC06170,JOB00449
CUS39913,Dori Dunseith,dori.dunseith@gmail.com,9922650111,ACC52639,JOB00450
CUS78946,Ibrahim Binnion,ibrahim.binnion@gmail.com,5214870729,ACC56961,JOB00451
CUS17533,Toni Boarer,toni.boarer@gmail.com,9636619012,ACC49445,JOB00452
CUS73359,Waldemar Wolfit,waldemar.wolfit@gmail.com,4944555600,ACC78531,JOB00453
CUS23562,Dodi Simonich,dodi.simonich@gmail.com,8231971139,ACC47048,JOB00454
CUS14874,Devinne Edgin,devinne.edgin@gmail.com,7548629830,ACC01063,JOB00455
CUS42308,Janean Harber,janean.harber@gmail.com,7937185794,ACC67875,JOB00456
CUS25785,Kristoforo Lipscombe,kristoforo.lipscombe@gmail.com,1183612205,ACC57835,JOB00457
CUS28171,Katrine Ciccottio,katrine.ciccottio@gmail.com,1477045429,ACC90697,JOB00458
CUS73851,Courtnay McLelland,courtnay.mclelland@gmail.com,3665762623,ACC75234,JOB00459
CUS76911,Norene Cubbino,norene.cubbino@gmail.com,4688166385,ACC05058,JOB00460
CUS87233,Finn Bensley,finn.bensley@gmail.com,1987730701,ACC52639,JOB00461
CUS78602,Ansel Headrick,ansel.headrick@gmail.com,1944243520,ACC06170,JOB00462
CUS45263,Lief Swinerd,lief.swinerd@gmail.com,8053320789,ACC75287,JOB00463
CUS11514,Teddie Argo,teddie.argo@gmail.com,6733284056,ACC37341,JOB00464
CUS44304,Kathryn Rizzillo,kathryn.rizzillo@gmail.com,5596738334,ACC41239,JOB00465
CUS09173,Jenine Falla,jenine.falla@gmail.com,4314526235,ACC05667,JOB00466
CUS69707,Samantha Sherlaw,samantha.sherlaw@gmail.com,5364505538,ACC05243,JOB00467
CUS18430,Brigitta Tommis,brigitta.tommis@gmail.com,8805838826,ACC38281,JOB00468
CUS82615,Sergeant Schoular,sergeant.schoular@gmail.com,3212695845,ACC00640,JOB00469
CUS75936,Yasmin O'Crotty,yasmin.o'crotty@gmail.com,1072582886,ACC94035,JOB00470
CUS59409,Jakob Pargetter,jakob.pargetter@gmail.com,4302602720,ACC74123,JOB00471
CUS74036,Ruy Mil,ruy.mil@gmail.com,3995331695,ACC75899,JOB00472
CUS32482,Jake Yablsley,jake.yablsley@gmail.com,4624901142,ACC63297,JOB00473
CUS20150,Germana Matieu,germana.matieu@gmail.com,9874425608,ACC35866,JOB00474
CUS02043,Worthy Steward,worthy.steward@gmail.com,7623880261,ACC31682,JOB00475
CUS57417,Shurwood Jeste,shurwood.jeste@gmail.com,7025100452,ACC81139,JOB00476
CUS30937,Adoree Cathrall,adoree.cathrall@gmail.com,3039792620,ACC03980,JOB00477
CUS50455,Veronike Youtead,veronike.youtead@gmail.com,2559220950,ACC81946,JOB00478
CUS45128,Felisha Jaksic,felisha.jaksic@gmail.com,4873876245,ACC72518,JOB00479
CUS75144,Goldi Crayk,goldi.crayk@gmail.com,4325035882,ACC04174,JOB00480
CUS12417,Curr Farncombe,curr.farncombe@gmail.com,3202635094,ACC87270,JOB00481
CUS01925,Alberto Murford,alberto.murford@gmail.com,5348483015,ACC00666,JOB00482
CUS53248,Malva Guyonnet,malva.guyonnet@gmail.com,9987205491,ACC75180,JOB00483
CUS97158,Cary Chamberlen,cary.chamberlen@gmail.com,5668823715,ACC00640,JOB00484
CUS07465,Adelaida Mouse,adelaida.mouse@gmail.com,4002527530,ACC86855,JOB00485
CUS75163,Camile Clemot,camile.clemot@gmail.com,7039411360,ACC61461,JOB00486
CUS67117,Caresa Harvey,caresa.harvey@gmail.com,9692388338,ACC48452,JOB00487
CUS53919,Eliza Valerio,eliza.valerio@gmail.com,7889172960,ACC75287,JOB00488
CUS75248,Daryn Rampage,daryn.rampage@gmail.com,9101284689,ACC35444,JOB00489
CUS08580,Rae Fawdry,rae.fawdry@gmail.com,7278272185,ACC70661,JOB00490
CUS46176,Thorin Clelle,thorin.clelle@gmail.com,1731419980,ACC95015,JOB00491
CUS52997,Toddie Circuitt,toddie.circuitt@gmail.com,7471514798,ACC28892,JOB00492
CUS28028,Lonny Gloyens,lonny.gloyens@gmail.com,6716646435,ACC17352,JOB00493
CUS06183,Mareah Putland,mareah.putland@gmail.com,9343978842,ACC71486,JOB00494
CUS44423,Robbin Dobbin,robbin.dobbin@gmail.com,2327556931,ACC17352,JOB00495
CUS76253,Eziechiele Lukovic,eziechiele.lukovic@gmail.com,2126441892,ACC35444,JOB00496
CUS97324,Pennie Marrion,pennie.marrion@gmail.com,7253556215,ACC26159,JOB00497
CUS94222,Carmel MacGarrity,carmel.macgarrity@gmail.com,6025689917,ACC25534,JOB00498
CUS53430,Leonard Aire,leonard.aire@gmail.com,9929549379,ACC75180,JOB00499
CUS07278,Jeremias MacClancey,jeremias.macclancey@gmail.com,3558106505,ACC38636,JOB00500
