stage_id,stage
STA00001,Negotiation
STA00002,Won
STA00003,Prospecting
STA00004,Closed
STA00005,Closed
STA00006,Prospecting
STA00007,Closed
STA00008,Won
STA00009,Closed
STA00010,Won
STA00011,Prospecting
STA00012,Closed
STA00013,Closed
STA00014,Closed
STA00015,Negotiation
STA00016,Won
STA00017,Negotiation
STA00018,Closed
STA00019,Won
STA00020,Negotiation
STA00021,Closed
STA00022,Negotiation
STA00023,Won
STA00024,Won
STA00025,Negotiation
STA00026,Negotiation
STA00027,Closed
STA00028,Prospecting
STA00029,Won
STA00030,Negotiation
STA00031,Closed
STA00032,Closed
STA00033,Negotiation
STA00034,Closed
STA00035,Closed
STA00036,Closed
STA00037,Closed
STA00038,Won
STA00039,Won
STA00040,Prospecting
STA00041,Closed
STA00042,Prospecting
STA00043,Negotiation
STA00044,Negotiation
STA00045,Prospecting
STA00046,Closed
STA00047,Negotiation
STA00048,Prospecting
STA00049,Prospecting
STA00050,Closed
STA00051,Prospecting
STA00052,Won
STA00053,Won
STA00054,Won
STA00055,Won
STA00056,Negotiation
STA00057,Closed
STA00058,Closed
STA00059,Closed
STA00060,Closed
STA00061,Won
STA00062,Prospecting
STA00063,Prospecting
STA00064,Prospecting
STA00065,Closed
STA00066,Negotiation
STA00067,Won
STA00068,Negotiation
STA00069,Won
STA00070,Negotiation
STA00071,Prospecting
STA00072,Won
STA00073,Closed
STA00074,Prospecting
STA00075,Negotiation
STA00076,Won
STA00077,Negotiation
STA00078,Negotiation
STA00079,Negotiation
STA00080,Negotiation
STA00081,Closed
STA00082,Closed
STA00083,Won
STA00084,Negotiation
STA00085,Negotiation
STA00086,Negotiation
STA00087,Won
STA00088,Closed
STA00089,Prospecting
STA00090,Prospecting
STA00091,Won
STA00092,Prospecting
STA00093,Prospecting
STA00094,Negotiation
STA00095,Prospecting
STA00096,Won
STA00097,Prospecting
STA00098,Won
STA00099,Closed
STA00100,Negotiation
STA00101,Closed
STA00102,Won
STA00103,Negotiation
STA00104,Prospecting
STA00105,Closed
STA00106,Prospecting
STA00107,Closed
STA00108,Closed
STA00109,Negotiation
STA00110,Closed
STA00111,Negotiation
STA00112,Closed
STA00113,Won
STA00114,Won
STA00115,Negotiation
STA00116,Closed
STA00117,Negotiation
STA00118,Won
STA00119,Negotiation
STA00120,Prospecting
STA00121,Prospecting
STA00122,Prospecting
STA00123,Negotiation
STA00124,Closed
STA00125,Prospecting
STA00126,Negotiation
STA00127,Negotiation
STA00128,Prospecting
STA00129,Won
STA00130,Won
STA00131,Closed
STA00132,Closed
STA00133,Prospecting
STA00134,Closed
STA00135,Prospecting
STA00136,Closed
STA00137,Closed
STA00138,Won
STA00139,Won
STA00140,Negotiation
STA00141,Closed
STA00142,Negotiation
STA00143,Closed
STA00144,Prospecting
STA00145,Negotiation
STA00146,Closed
STA00147,Won
STA00148,Negotiation
STA00149,Prospecting
STA00150,Prospecting
STA00151,Won
STA00152,Won
STA00153,Negotiation
STA00154,Closed
STA00155,Closed
STA00156,Closed
STA00157,Negotiation
STA00158,Negotiation
STA00159,Closed
STA00160,Closed
STA00161,Prospecting
STA00162,Prospecting
STA00163,Won
STA00164,Won
STA00165,Negotiation
STA00166,Won
STA00167,Won
STA00168,Negotiation
STA00169,Won
STA00170,Prospecting
STA00171,Negotiation
STA00172,Won
STA00173,Closed
STA00174,Closed
STA00175,Prospecting
STA00176,Closed
STA00177,Closed
STA00178,Won
STA00179,Negotiation
STA00180,Won
STA00181,Closed
STA00182,Won
STA00183,Negotiation
STA00184,Won
STA00185,Closed
STA00186,Won
STA00187,Won
STA00188,Prospecting
STA00189,Prospecting
STA00190,Won
STA00191,Won
STA00192,Won
STA00193,Closed
STA00194,Prospecting
STA00195,Closed
STA00196,Prospecting
STA00197,Closed
STA00198,Prospecting
STA00199,Closed
STA00200,Won
STA00201,Won
STA00202,Prospecting
STA00203,Negotiation
STA00204,Won
STA00205,Closed
STA00206,Prospecting
STA00207,Closed
STA00208,Closed
STA00209,Negotiation
STA00210,Negotiation
STA00211,Won
STA00212,Won
STA00213,Prospecting
STA00214,Prospecting
STA00215,Negotiation
STA00216,Closed
STA00217,Negotiation
STA00218,Closed
STA00219,Won
STA00220,Negotiation
STA00221,Won
STA00222,Won
STA00223,Closed
STA00224,Closed
STA00225,Negotiation
STA00226,Prospecting
STA00227,Won
STA00228,Won
STA00229,Closed
STA00230,Negotiation
STA00231,Closed
STA00232,Prospecting
STA00233,Negotiation
STA00234,Prospecting
STA00235,Closed
STA00236,Prospecting
STA00237,Prospecting
STA00238,Negotiation
STA00239,Won
STA00240,Prospecting
STA00241,Won
STA00242,Negotiation
STA00243,Closed
STA00244,Prospecting
STA00245,Won
STA00246,Won
STA00247,Prospecting
STA00248,Negotiation
STA00249,Negotiation
STA00250,Negotiation
STA00251,Negotiation
STA00252,Prospecting
STA00253,Closed
STA00254,Prospecting
STA00255,Won
STA00256,Negotiation
STA00257,Closed
STA00258,Prospecting
STA00259,Closed
STA00260,Prospecting
STA00261,Negotiation
STA00262,Negotiation
STA00263,Closed
STA00264,Negotiation
STA00265,Closed
STA00266,Prospecting
STA00267,Closed
STA00268,Closed
STA00269,Negotiation
STA00270,Won
STA00271,Closed
STA00272,Negotiation
STA00273,Prospecting
STA00274,Closed
STA00275,Prospecting
STA00276,Prospecting
STA00277,Prospecting
STA00278,Negotiation
STA00279,Closed
STA00280,Won
STA00281,Closed
STA00282,Prospecting
STA00283,Won
STA00284,Negotiation
STA00285,Closed
STA00286,Negotiation
STA00287,Prospecting
STA00288,Prospecting
STA00289,Negotiation
STA00290,Prospecting
STA00291,Closed
STA00292,Prospecting
STA00293,Negotiation
STA00294,Prospecting
STA00295,Won
STA00296,Negotiation
STA00297,Prospecting
STA00298,Prospecting
STA00299,Won
STA00300,Won
STA00301,Won
STA00302,Prospecting
STA00303,Closed
STA00304,Prospecting
STA00305,Prospecting
STA00306,Negotiation
STA00307,Prospecting
STA00308,Won
STA00309,Prospecting
STA00310,Won
STA00311,Closed
STA00312,Won
STA00313,Closed
STA00314,Prospecting
STA00315,Closed
STA00316,Prospecting
STA00317,Negotiation
STA00318,Prospecting
STA00319,Negotiation
STA00320,Closed
STA00321,Negotiation
STA00322,Won
STA00323,Prospecting
STA00324,Closed
STA00325,Closed
STA00326,Closed
STA00327,Closed
STA00328,Negotiation
STA00329,Negotiation
STA00330,Closed
STA00331,Won
STA00332,Won
STA00333,Prospecting
STA00334,Closed
STA00335,Closed
STA00336,Negotiation
STA00337,Won
STA00338,Negotiation
STA00339,Won
STA00340,Closed
STA00341,Won
STA00342,Closed
STA00343,Prospecting
STA00344,Closed
STA00345,Won
STA00346,Won
STA00347,Won
STA00348,Closed
STA00349,Prospecting
STA00350,Prospecting
STA00351,Won
STA00352,Negotiation
STA00353,Prospecting
STA00354,Won
STA00355,Closed
STA00356,Negotiation
STA00357,Won
STA00358,Negotiation
STA00359,Closed
STA00360,Prospecting
STA00361,Prospecting
STA00362,Prospecting
STA00363,Closed
STA00364,Negotiation
STA00365,Prospecting
STA00366,Won
STA00367,Won
STA00368,Negotiation
STA00369,Closed
STA00370,Closed
STA00371,Won
STA00372,Prospecting
STA00373,Prospecting
STA00374,Won
STA00375,Closed
STA00376,Negotiation
STA00377,Won
STA00378,Won
STA00379,Won
STA00380,Won
STA00381,Prospecting
STA00382,Closed
STA00383,Prospecting
STA00384,Prospecting
STA00385,Closed
STA00386,Closed
STA00387,Closed
STA00388,Prospecting
STA00389,Negotiation
STA00390,Closed
STA00391,Closed
STA00392,Prospecting
STA00393,Prospecting
STA00394,Negotiation
STA00395,Won
STA00396,Closed
STA00397,Prospecting
STA00398,Prospecting
STA00399,Won
STA00400,Negotiation
STA00401,Closed
STA00402,Prospecting
STA00403,Won
STA00404,Closed
STA00405,Won
STA00406,Prospecting
STA00407,Negotiation
STA00408,Won
STA00409,Won
STA00410,Closed
STA00411,Negotiation
STA00412,Closed
STA00413,Prospecting
STA00414,Prospecting
STA00415,Prospecting
STA00416,Closed
STA00417,Prospecting
STA00418,Prospecting
STA00419,Prospecting
STA00420,Closed
STA00421,Closed
STA00422,Negotiation
STA00423,Negotiation
STA00424,Closed
STA00425,Closed
STA00426,Closed
STA00427,Negotiation
STA00428,Won
STA00429,Prospecting
STA00430,Won
STA00431,Won
STA00432,Prospecting
STA00433,Closed
STA00434,Won
STA00435,Prospecting
STA00436,Negotiation
STA00437,Won
STA00438,Closed
STA00439,Closed
STA00440,Negotiation
STA00441,Prospecting
STA00442,Won
STA00443,Won
STA00444,Prospecting
STA00445,Negotiation
STA00446,Won
STA00447,Won
STA00448,Closed
STA00449,Negotiation
STA00450,Negotiation
STA00451,Won
STA00452,Negotiation
STA00453,Closed
STA00454,Closed
STA00455,Negotiation
STA00456,Prospecting
STA00457,Negotiation
STA00458,Prospecting
STA00459,Negotiation
STA00460,Negotiation
STA00461,Prospecting
STA00462,Closed
STA00463,Closed
STA00464,Negotiation
STA00465,Prospecting
STA00466,Negotiation
STA00467,Won
STA00468,Negotiation
STA00469,Prospecting
STA00470,Closed
STA00471,Prospecting
STA00472,Prospecting
STA00473,Negotiation
STA00474,Prospecting
STA00475,Won
STA00476,Closed
STA00477,Negotiation
STA00478,Prospecting
STA00479,Prospecting
STA00480,Won
STA00481,Closed
STA00482,Closed
STA00483,Won
STA00484,Negotiation
STA00485,Negotiation
STA00486,Prospecting
STA00487,Won
STA00488,Closed
STA00489,Prospecting
STA00490,Closed
STA00491,Won
STA00492,Won
STA00493,Closed
STA00494,Prospecting
STA00495,Negotiation
STA00496,Won
STA00497,Closed
STA00498,Prospecting
STA00499,Negotiation
STA00500,Won
